{
  "type": "FeatureCollection",
  "crs": {
    "type": "name",
    "properties": {
      "name": "urn:ogc:def:crs:OGC:1.3:CRS84"
    }
  },
  "features": [
    {
      "type": "Feature",
      "properties": {
        "NAME": "Arbutus ES",
        "OBJECTID": "1",
        "NUMBER_": "1302",
        "TYPE": "ES",
        "AIRCOND": " ",
        "TITLEI": " ",
        "OPENED": "1925",
        "X": "-76.69756647",
        "Y": "39.24793596",
        "Central": " ",
        "SRC": "405"
      },
      "geometry": {
        "type": "Point",
        "coordinates": [
          -76.697565994579,
          39.247944672205
        ]
      }
    },
    {
      "type": "Feature",
      "properties": {
        "NAME": "Arbutus Middle",
        "OBJECTID": "2",
        "NUMBER_": "1356",
        "TYPE": "MS",
        "AIRCOND": " ",
        "TITLEI": " ",
        "OPENED": "1958",
        "X": "-76.70353576",
        "Y": "39.24856888",
        "Central": " "
      },
      "geometry": {
        "type": "Point",
        "coordinates": [
          -76.703535293353,
          39.248577583564
        ]
      }
    },
    {
      "type": "Feature",
      "properties": {
        "NAME": "Baltimore Highlands ES",
        "OBJECTID": "3",
        "NUMBER_": "1307",
        "TYPE": "ES",
        "AIRCOND": "F",
        "TITLEI": "Y",
        "OPENED": "1960",
        "X": "-76.64225804",
        "Y": "39.23627845",
        "Central": " "
      },
      "geometry": {
        "type": "Point",
        "coordinates": [
          -76.642257542697,
          39.23628724401
        ]
      }
    },
    {
      "type": "Feature",
      "properties": {
        "NAME": "Battle Grove ES",
        "OBJECTID": "4",
        "NUMBER_": "1517",
        "TYPE": "ES",
        "AIRCOND": " ",
        "TITLEI": "Y",
        "OPENED": "1959",
        "X": "-76.47530519",
        "Y": "39.26948616",
        "Central": " "
      },
      "geometry": {
        "type": "Point",
        "coordinates": [
          -76.475304744337,
          39.269495299699
        ]
      }
    },
    {
      "type": "Feature",
      "properties": {
        "NAME": "Bear Creek ES",
        "OBJECTID": "5",
        "NUMBER_": "1206",
        "TYPE": "ES",
        "AIRCOND": " ",
        "TITLEI": " ",
        "OPENED": "1955",
        "X": "-76.48138066",
        "Y": "39.26863759",
        "Central": " "
      },
      "geometry": {
        "type": "Point",
        "coordinates": [
          -76.481380214097,
          39.268646721544
        ]
      }
    },
    {
      "type": "Feature",
      "properties": {
        "NAME": "Bedford ES",
        "OBJECTID": "6",
        "NUMBER_": "0303",
        "TYPE": "ES",
        "AIRCOND": " ",
        "TITLEI": " ",
        "OPENED": "1962",
        "X": "-76.73038926",
        "Y": "39.36006556",
        "Central": " "
      },
      "geometry": {
        "type": "Point",
        "coordinates": [
          -76.730389076808,
          39.360074317933
        ]
      }
    },
    {
      "type": "Feature",
      "properties": {
        "NAME": "Berkshire ES",
        "OBJECTID": "7",
        "NUMBER_": "1205",
        "TYPE": "ES",
        "AIRCOND": " ",
        "TITLEI": "Y",
        "OPENED": "1954",
        "X": "-76.51161117",
        "Y": "39.28667394",
        "Central": " "
      },
      "geometry": {
        "type": "Point",
        "coordinates": [
          -76.511610765602,
          39.286683062183
        ]
      }
    },
    {
      "type": "Feature",
      "properties": {
        "NAME": "Campfield ECLDC",
        "OBJECTID": "8",
        "NUMBER_": "0062",
        "TYPE": "ES",
        "AIRCOND": " ",
        "TITLEI": " ",
        "OPENED": "1954",
        "X": "-76.72390578",
        "Y": "39.35181573",
        "Central": " "
      },
      "geometry": {
        "type": "Point",
        "coordinates": [
          -76.723905569788,
          39.351824494692
        ]
      }
    },
    {
      "type": "Feature",
      "properties": {
        "NAME": "Carney ES",
        "OBJECTID": "9",
        "NUMBER_": "1106",
        "TYPE": "ES",
        "AIRCOND": " ",
        "TITLEI": " ",
        "OPENED": "1965",
        "X": "-76.520551",
        "Y": "39.39262831",
        "Central": " "
      },
      "geometry": {
        "type": "Point",
        "coordinates": [
          -76.520550833446,
          39.392637706998
        ]
      }
    },
    {
      "type": "Feature",
      "properties": {
        "NAME": "Carroll Manor ES",
        "OBJECTID": "10",
        "NUMBER_": "1001",
        "TYPE": "ES",
        "AIRCOND": " ",
        "TITLEI": " ",
        "OPENED": "1935",
        "X": "-76.52364387",
        "Y": "39.4978893",
        "Central": " "
      },
      "geometry": {
        "type": "Point",
        "coordinates": [
          -76.523643923412,
          39.497898968761
        ]
      }
    },
    {
      "type": "Feature",
      "properties": {
        "NAME": "Carver Center for Arts and Technology",
        "OBJECTID": "11",
        "NUMBER_": "0975",
        "TYPE": "HS",
        "AIRCOND": " ",
        "TITLEI": " ",
        "OPENED": "1949",
        "X": "-76.61145912",
        "Y": "39.40937442",
        "Central": "yes"
      },
      "geometry": {
        "type": "Point",
        "coordinates": [
          -76.611459013387,
          39.409383579069
        ]
      }
    },
    {
      "type": "Feature",
      "properties": {
        "NAME": "Old Catonsville ES",
        "OBJECTID": "12",
        "NUMBER_": "0101",
        "TYPE": "ES",
        "AIRCOND": " ",
        "TITLEI": " ",
        "OPENED": "1910",
        "X": "-76.72940684",
        "Y": "39.27108833",
        "Central": " ",
        "SRC": "405"
      },
      "geometry": {
        "type": "Point",
        "coordinates": [
          -76.729406428583,
          39.271097008179
        ]
      }
    },
    {
      "type": "Feature",
      "properties": {
        "NAME": "Catonsville High",
        "OBJECTID": "13",
        "NUMBER_": "0174",
        "TYPE": "HS",
        "AIRCOND": "P",
        "TITLEI": " ",
        "OPENED": "1954",
        "X": "-76.7288507",
        "Y": "39.25973276",
        "Central": " "
      },
      "geometry": {
        "type": "Point",
        "coordinates": [
          -76.728850265421,
          39.259741429775
        ]
      }
    },
    {
      "type": "Feature",
      "properties": {
        "NAME": "Catonsville Middle",
        "OBJECTID": "14",
        "NUMBER_": "0151",
        "TYPE": "MS",
        "AIRCOND": " ",
        "TITLEI": " ",
        "OPENED": "1963",
        "X": "-76.77189423",
        "Y": "39.275065",
        "Central": " "
      },
      "geometry": {
        "type": "Point",
        "coordinates": [
          -76.77189384715,
          39.275073596673
        ]
      }
    },
    {
      "type": "Feature",
      "properties": {
        "NAME": "Cedarmere ES",
        "OBJECTID": "15",
        "NUMBER_": "0408",
        "TYPE": "ES",
        "AIRCOND": "F",
        "TITLEI": " ",
        "OPENED": "1971",
        "X": "-76.8089718",
        "Y": "39.43851937",
        "Central": " "
      },
      "geometry": {
        "type": "Point",
        "coordinates": [
          -76.808971847333,
          39.438527972759
        ]
      }
    },
    {
      "type": "Feature",
      "properties": {
        "NAME": "Chadwick ES",
        "OBJECTID": "16",
        "NUMBER_": "0113",
        "TYPE": "ES",
        "AIRCOND": "F",
        "TITLEI": "Y",
        "OPENED": "1966",
        "X": "-76.76534474",
        "Y": "39.31364127",
        "Central": " "
      },
      "geometry": {
        "type": "Point",
        "coordinates": [
          -76.765344446908,
          39.313649910981
        ]
      }
    },
    {
      "type": "Feature",
      "properties": {
        "NAME": "Chapel Hill ES",
        "OBJECTID": "17",
        "NUMBER_": "1107",
        "TYPE": "ES",
        "AIRCOND": " ",
        "TITLEI": " ",
        "OPENED": "1962",
        "X": "-76.43577104",
        "Y": "39.40102208",
        "Central": " "
      },
      "geometry": {
        "type": "Point",
        "coordinates": [
          -76.435770900186,
          39.401031584429
        ]
      }
    },
    {
      "type": "Feature",
      "properties": {
        "NAME": "Charlesmont ES",
        "OBJECTID": "18",
        "NUMBER_": "1212",
        "TYPE": "ES",
        "AIRCOND": " ",
        "TITLEI": " ",
        "OPENED": "1962",
        "X": "-76.48575841",
        "Y": "39.27290425",
        "Central": " "
      },
      "geometry": {
        "type": "Point",
        "coordinates": [
          -76.485757974869,
          39.27291337991
        ]
      }
    },
    {
      "type": "Feature",
      "properties": {
        "NAME": "Chase ES",
        "OBJECTID": "19",
        "NUMBER_": "1507",
        "TYPE": "ES",
        "AIRCOND": " ",
        "TITLEI": "Y",
        "OPENED": "1939",
        "X": "-76.39280849",
        "Y": "39.34354637",
        "Central": " "
      },
      "geometry": {
        "type": "Point",
        "coordinates": [
          -76.392808203663,
          39.343555786023
        ]
      }
    },
    {
      "type": "Feature",
      "properties": {
        "NAME": "Chatsworth ES",
        "OBJECTID": "20",
        "NUMBER_": "0404",
        "TYPE": "ES",
        "AIRCOND": "F",
        "TITLEI": " ",
        "OPENED": "1974",
        "X": "-76.82617028",
        "Y": "39.46349133",
        "Central": " "
      },
      "geometry": {
        "type": "Point",
        "coordinates": [
          -76.82617040157,
          39.463499901811
        ]
      }
    },
    {
      "type": "Feature",
      "properties": {
        "NAME": "Chesapeake High",
        "OBJECTID": "21",
        "NUMBER_": "1574",
        "TYPE": "HS",
        "AIRCOND": "F",
        "TITLEI": " ",
        "OPENED": "1977",
        "X": "-76.41948934",
        "Y": "39.29171494",
        "Central": " "
      },
      "geometry": {
        "type": "Point",
        "coordinates": [
          -76.419488922186,
          39.29172422471
        ]
      }
    },
    {
      "type": "Feature",
      "properties": {
        "NAME": "Chesapeake Terrace ES",
        "OBJECTID": "22",
        "NUMBER_": "1511",
        "TYPE": "ES",
        "AIRCOND": "F",
        "TITLEI": " ",
        "OPENED": "1930",
        "X": "-76.44928589",
        "Y": "39.22232263",
        "Central": " "
      },
      "geometry": {
        "type": "Point",
        "coordinates": [
          -76.44928531522,
          39.222331749765
        ]
      }
    },
    {
      "type": "Feature",
      "properties": {
        "NAME": "Church Lane ES",
        "OBJECTID": "23",
        "NUMBER_": "0207",
        "TYPE": "ES",
        "AIRCOND": "P",
        "TITLEI": " ",
        "OPENED": "1963",
        "X": "-76.78025821",
        "Y": "39.36948067",
        "Central": " "
      },
      "geometry": {
        "type": "Point",
        "coordinates": [
          -76.780258070642,
          39.369489301856
        ]
      }
    },
    {
      "type": "Feature",
      "properties": {
        "NAME": "Cockeysville Middle",
        "OBJECTID": "24",
        "NUMBER_": "0853",
        "TYPE": "MS",
        "AIRCOND": "F",
        "TITLEI": " ",
        "OPENED": "1967",
        "X": "-76.62931326",
        "Y": "39.47156268",
        "Central": "yes"
      },
      "geometry": {
        "type": "Point",
        "coordinates": [
          -76.629313302747,
          39.471571895546
        ]
      }
    },
    {
      "type": "Feature",
      "properties": {
        "NAME": "Colgate ES",
        "OBJECTID": "25",
        "NUMBER_": "1503",
        "TYPE": "ES",
        "AIRCOND": " ",
        "TITLEI": "Y",
        "OPENED": "1924",
        "X": "-76.51778118",
        "Y": "39.29480053",
        "Central": " "
      },
      "geometry": {
        "type": "Point",
        "coordinates": [
          -76.517780802809,
          39.294809663088
        ]
      }
    },
    {
      "type": "Feature",
      "properties": {
        "NAME": "Cromwell ES",
        "OBJECTID": "26",
        "NUMBER_": "0916",
        "TYPE": "ES",
        "AIRCOND": "F",
        "TITLEI": " ",
        "OPENED": "1963",
        "X": "-76.58061455",
        "Y": "39.40335619",
        "Central": "yes"
      },
      "geometry": {
        "type": "Point",
        "coordinates": [
          -76.580614419367,
          39.403365432382
        ]
      }
    },
    {
      "type": "Feature",
      "properties": {
        "NAME": "Deep Creek ES",
        "OBJECTID": "27",
        "NUMBER_": "1525",
        "TYPE": "ES",
        "AIRCOND": " ",
        "TITLEI": "Y",
        "OPENED": "1963",
        "X": "-76.45368485",
        "Y": "39.30747951",
        "Central": " "
      },
      "geometry": {
        "type": "Point",
        "coordinates": [
          -76.453684485541,
          39.30748877904
        ]
      }
    },
    {
      "type": "Feature",
      "properties": {
        "NAME": "Deep Creek Middle",
        "OBJECTID": "28",
        "NUMBER_": "1557",
        "TYPE": "MS",
        "AIRCOND": " ",
        "TITLEI": "Y",
        "OPENED": "1963",
        "X": "-76.45297987",
        "Y": "39.29204689",
        "Central": " "
      },
      "geometry": {
        "type": "Point",
        "coordinates": [
          -76.452979467943,
          39.292056126171
        ]
      }
    },
    {
      "type": "Feature",
      "properties": {
        "NAME": "Deer Park ES",
        "OBJECTID": "29",
        "NUMBER_": "0216",
        "TYPE": "ES",
        "AIRCOND": "F",
        "TITLEI": " ",
        "OPENED": "1970",
        "X": "-76.819684",
        "Y": "39.38959783",
        "Central": " "
      },
      "geometry": {
        "type": "Point",
        "coordinates": [
          -76.819683931008,
          39.38960637866
        ]
      }
    },
    {
      "type": "Feature",
      "properties": {
        "NAME": "Deer Park Middle",
        "OBJECTID": "30",
        "NUMBER_": "0254",
        "TYPE": "MS",
        "AIRCOND": "F",
        "TITLEI": " ",
        "OPENED": "1973",
        "X": "-76.81798665",
        "Y": "39.38810166",
        "Central": " "
      },
      "geometry": {
        "type": "Point",
        "coordinates": [
          -76.817986576855,
          39.388110219411
        ]
      }
    },
    {
      "type": "Feature",
      "properties": {
        "NAME": "Dulaney High",
        "OBJECTID": "31",
        "NUMBER_": "0872",
        "TYPE": "HS",
        "AIRCOND": "P",
        "TITLEI": " ",
        "OPENED": "1964",
        "X": "-76.6109058",
        "Y": "39.46074386",
        "Central": "yes"
      },
      "geometry": {
        "type": "Point",
        "coordinates": [
          -76.61090581736,
          39.460753125308
        ]
      }
    },
    {
      "type": "Feature",
      "properties": {
        "NAME": "Dumbarton Middle",
        "OBJECTID": "32",
        "NUMBER_": "0953",
        "TYPE": "MS",
        "AIRCOND": " ",
        "TITLEI": " ",
        "OPENED": "1956",
        "X": "-76.61201266",
        "Y": "39.38099825",
        "Central": "yes"
      },
      "geometry": {
        "type": "Point",
        "coordinates": [
          -76.612012489688,
          39.381007356077
        ]
      }
    },
    {
      "type": "Feature",
      "properties": {
        "NAME": "Dundalk ES",
        "OBJECTID": "33",
        "NUMBER_": "1202",
        "TYPE": "ES",
        "AIRCOND": " ",
        "TITLEI": "Y",
        "OPENED": "1925",
        "X": "-76.51845778",
        "Y": "39.25879239",
        "Central": " "
      },
      "geometry": {
        "type": "Point",
        "coordinates": [
          -76.518457317761,
          39.258801423059
        ]
      }
    },
    {
      "type": "Feature",
      "properties": {
        "NAME": "Dundalk High",
        "OBJECTID": "34",
        "NUMBER_": "1273",
        "TYPE": "HS",
        "AIRCOND": " ",
        "TITLEI": " ",
        "OPENED": "1959",
        "X": "-76.51438272",
        "Y": "39.26805804",
        "Central": " "
      },
      "geometry": {
        "type": "Point",
        "coordinates": [
          -76.514382283849,
          39.268067104368
        ]
      }
    },
    {
      "type": "Feature",
      "properties": {
        "NAME": "Dundalk Middle",
        "OBJECTID": "35",
        "NUMBER_": "1251",
        "TYPE": "MS",
        "AIRCOND": "F",
        "TITLEI": "Y",
        "OPENED": "1946",
        "X": "-76.51403271",
        "Y": "39.25981548",
        "Central": " "
      },
      "geometry": {
        "type": "Point",
        "coordinates": [
          -76.514032252604,
          39.259824525944
        ]
      }
    },
    {
      "type": "Feature",
      "properties": {
        "NAME": "Eastern Technical High",
        "OBJECTID": "36",
        "NUMBER_": "1575",
        "TYPE": "HS",
        "AIRCOND": "F",
        "TITLEI": " ",
        "OPENED": "1970",
        "X": "-76.47338719",
        "Y": "39.32483772",
        "Central": " "
      },
      "geometry": {
        "type": "Point",
        "coordinates": [
          -76.473386869053,
          39.324847011375
        ]
      }
    },
    {
      "type": "Feature",
      "properties": {
        "NAME": "Eastwood Center",
        "OBJECTID": "37",
        "NUMBER_": "1218",
        "TYPE": "ES",
        "AIRCOND": " ",
        "TITLEI": " ",
        "OPENED": "1963",
        "X": "-76.52531536",
        "Y": "39.2909887",
        "Central": " "
      },
      "geometry": {
        "type": "Point",
        "coordinates": [
          -76.525314974893,
          39.290997812652
        ]
      }
    },
    {
      "type": "Feature",
      "properties": {
        "NAME": "Edgemere ES",
        "OBJECTID": "38",
        "NUMBER_": "1502",
        "TYPE": "ES",
        "AIRCOND": "F",
        "TITLEI": " ",
        "OPENED": "1998",
        "X": "-76.44541906",
        "Y": "39.23905476",
        "Central": " "
      },
      "geometry": {
        "type": "Point",
        "coordinates": [
          -76.445418518876,
          39.239063899042
        ]
      }
    },
    {
      "type": "Feature",
      "properties": {
        "NAME": "Edmonson Heights ES",
        "OBJECTID": "39",
        "NUMBER_": "0104",
        "TYPE": "ES",
        "AIRCOND": "P",
        "TITLEI": "Y",
        "OPENED": "1957",
        "X": "-76.71881969",
        "Y": "39.29967388",
        "Central": " ",
        "SRC": "589"
      },
      "geometry": {
        "type": "Point",
        "coordinates": [
          -76.718819352667,
          39.299682606079
        ]
      }
    },
    {
      "type": "Feature",
      "properties": {
        "NAME": "Elmwood ES",
        "OBJECTID": "40",
        "NUMBER_": "1405",
        "TYPE": "ES",
        "AIRCOND": " ",
        "TITLEI": "Y",
        "OPENED": "1958",
        "X": "-76.51940107",
        "Y": "39.3483359",
        "Central": " "
      },
      "geometry": {
        "type": "Point",
        "coordinates": [
          -76.519400803033,
          39.348345180395
        ]
      }
    },
    {
      "type": "Feature",
      "properties": {
        "NAME": "Essex ES",
        "OBJECTID": "41",
        "NUMBER_": "1508",
        "TYPE": "ES",
        "AIRCOND": "F",
        "TITLEI": " ",
        "OPENED": "1995",
        "X": "-76.48077232",
        "Y": "39.30875838",
        "Central": " "
      },
      "geometry": {
        "type": "Point",
        "coordinates": [
          -76.480771965716,
          39.308767618641
        ]
      }
    },
    {
      "type": "Feature",
      "properties": {
        "NAME": "Featherbed Lane ES",
        "OBJECTID": "42",
        "NUMBER_": "0203",
        "TYPE": "ES",
        "AIRCOND": "P",
        "TITLEI": "Y",
        "OPENED": "1958",
        "X": "-76.73750086",
        "Y": "39.32279167",
        "Central": " "
      },
      "geometry": {
        "type": "Point",
        "coordinates": [
          -76.737500582568,
          39.32280037997
        ]
      }
    },
    {
      "type": "Feature",
      "properties": {
        "NAME": "Fifth District ES",
        "OBJECTID": "43",
        "NUMBER_": "0501",
        "TYPE": "ES",
        "AIRCOND": "P",
        "TITLEI": " ",
        "OPENED": "1932",
        "X": "-76.77533404",
        "Y": "39.5997852",
        "Central": " "
      },
      "geometry": {
        "type": "Point",
        "coordinates": [
          -76.775334621962,
          39.599794167543
        ]
      }
    },
    {
      "type": "Feature",
      "properties": {
        "NAME": "Fort Garrison ES",
        "OBJECTID": "44",
        "NUMBER_": "0308",
        "TYPE": "ES",
        "AIRCOND": " ",
        "TITLEI": " ",
        "OPENED": "1961",
        "X": "-76.70445995",
        "Y": "39.40068784",
        "Central": " "
      },
      "geometry": {
        "type": "Point",
        "coordinates": [
          -76.704459858309,
          39.400696709221
        ]
      }
    },
    {
      "type": "Feature",
      "properties": {
        "NAME": "Franklin ES",
        "OBJECTID": "45",
        "NUMBER_": "0403",
        "TYPE": "ES",
        "AIRCOND": " ",
        "TITLEI": " ",
        "OPENED": "1956",
        "X": "-76.8321558",
        "Y": "39.46231957",
        "Central": " "
      },
      "geometry": {
        "type": "Point",
        "coordinates": [
          -76.832155923918,
          39.462328123554
        ]
      }
    },
    {
      "type": "Feature",
      "properties": {
        "NAME": "Franklin High",
        "OBJECTID": "46",
        "NUMBER_": "0472",
        "TYPE": "HS",
        "AIRCOND": "P",
        "TITLEI": " ",
        "OPENED": "1960",
        "X": "-76.81777812",
        "Y": "39.44681411",
        "Central": " "
      },
      "geometry": {
        "type": "Point",
        "coordinates": [
          -76.817778195557,
          39.446822693724
        ]
      }
    },
    {
      "type": "Feature",
      "properties": {
        "NAME": "Franklin Middle",
        "OBJECTID": "47",
        "NUMBER_": "0451",
        "TYPE": "MS",
        "AIRCOND": "P",
        "TITLEI": " ",
        "OPENED": "1929",
        "X": "-76.83249108",
        "Y": "39.46490138",
        "Central": " "
      },
      "geometry": {
        "type": "Point",
        "coordinates": [
          -76.832491206624,
          39.464909930657
        ]
      }
    },
    {
      "type": "Feature",
      "properties": {
        "NAME": "Fullerton ES",
        "OBJECTID": "48",
        "NUMBER_": "1404",
        "TYPE": "ES",
        "AIRCOND": "F",
        "TITLEI": " ",
        "OPENED": "1976",
        "X": "-76.5191652",
        "Y": "39.36094743",
        "Central": " "
      },
      "geometry": {
        "type": "Point",
        "coordinates": [
          -76.51916495844,
          39.360956741697
        ]
      }
    },
    {
      "type": "Feature",
      "properties": {
        "NAME": "General John Stricker Middle",
        "OBJECTID": "49",
        "NUMBER_": "1255",
        "TYPE": "MS",
        "AIRCOND": "F",
        "TITLEI": " ",
        "OPENED": "1968",
        "X": "-76.48985826",
        "Y": "39.27390046",
        "Central": " "
      },
      "geometry": {
        "type": "Point",
        "coordinates": [
          -76.489857827435,
          39.273909588314
        ]
      }
    },
    {
      "type": "Feature",
      "properties": {
        "NAME": "Glenmar ES",
        "OBJECTID": "50",
        "NUMBER_": "1518",
        "TYPE": "ES",
        "AIRCOND": " ",
        "TITLEI": "Y",
        "OPENED": "1957",
        "X": "-76.44758606",
        "Y": "39.34658847",
        "Central": " "
      },
      "geometry": {
        "type": "Point",
        "coordinates": [
          -76.447585784449,
          39.346597839274
        ]
      }
    },
    {
      "type": "Feature",
      "properties": {
        "NAME": "Glyndon ES",
        "OBJECTID": "51",
        "NUMBER_": "0407",
        "TYPE": "ES",
        "AIRCOND": "F",
        "TITLEI": " ",
        "OPENED": "1978",
        "X": "-76.81065101",
        "Y": "39.46677596",
        "Central": " "
      },
      "geometry": {
        "type": "Point",
        "coordinates": [
          -76.810651130976,
          39.466784572296
        ]
      }
    },
    {
      "type": "Feature",
      "properties": {
        "NAME": "Golden Ring Middle",
        "OBJECTID": "52",
        "NUMBER_": "1451",
        "TYPE": "MS",
        "AIRCOND": " ",
        "TITLEI": " ",
        "OPENED": "1931",
        "X": "-76.49948348",
        "Y": "39.33301783",
        "Central": " "
      },
      "geometry": {
        "type": "Point",
        "coordinates": [
          -76.499483175992,
          39.333027118256
        ]
      }
    },
    {
      "type": "Feature",
      "properties": {
        "NAME": "Grange ES",
        "OBJECTID": "53",
        "NUMBER_": "1210",
        "TYPE": "ES",
        "AIRCOND": " ",
        "TITLEI": " ",
        "OPENED": "1960",
        "X": "-76.50235156",
        "Y": "39.26532109",
        "Central": " "
      },
      "geometry": {
        "type": "Point",
        "coordinates": [
          -76.50235110952,
          39.265330171931
        ]
      }
    },
    {
      "type": "Feature",
      "properties": {
        "NAME": "Gunpowder ES",
        "OBJECTID": "54",
        "NUMBER_": "1111",
        "TYPE": "ES",
        "AIRCOND": "F",
        "TITLEI": " ",
        "OPENED": "1970",
        "X": "-76.47127022",
        "Y": "39.41568279",
        "Central": " "
      },
      "geometry": {
        "type": "Point",
        "coordinates": [
          -76.471270100477,
          39.415692322876
        ]
      }
    },
    {
      "type": "Feature",
      "properties": {
        "NAME": "Halethorpe ES",
        "OBJECTID": "55",
        "NUMBER_": "1313",
        "TYPE": "ES",
        "AIRCOND": "F",
        "TITLEI": " ",
        "OPENED": "1976",
        "X": "-76.68548556",
        "Y": "39.24238173",
        "Central": " ",
        "SRC": "392"
      },
      "geometry": {
        "type": "Point",
        "coordinates": [
          -76.68548507604,
          39.242390460169
        ]
      }
    },
    {
      "type": "Feature",
      "properties": {
        "NAME": "Hampton ES",
        "OBJECTID": "56",
        "NUMBER_": "0911",
        "TYPE": "ES",
        "AIRCOND": " ",
        "TITLEI": " ",
        "OPENED": "1958",
        "X": "-76.603155",
        "Y": "39.41713433",
        "Central": "yes"
      },
      "geometry": {
        "type": "Point",
        "coordinates": [
          -76.603154911442,
          39.417143532972
        ]
      }
    },
    {
      "type": "Feature",
      "properties": {
        "NAME": "Harford Hills ES",
        "OBJECTID": "57",
        "NUMBER_": "0915",
        "TYPE": "ES",
        "AIRCOND": " ",
        "TITLEI": " ",
        "OPENED": "1962",
        "X": "-76.53735814",
        "Y": "39.40033041",
        "Central": " "
      },
      "geometry": {
        "type": "Point",
        "coordinates": [
          -76.537357994408,
          39.400339775635
        ]
      }
    },
    {
      "type": "Feature",
      "properties": {
        "NAME": "Hawthorne ES",
        "OBJECTID": "58",
        "NUMBER_": "1515",
        "TYPE": "ES",
        "AIRCOND": " ",
        "TITLEI": "Y",
        "OPENED": "1954",
        "X": "-76.43661095",
        "Y": "39.32573807",
        "Central": " "
      },
      "geometry": {
        "type": "Point",
        "coordinates": [
          -76.436610627347,
          39.325747404597
        ]
      }
    },
    {
      "type": "Feature",
      "properties": {
        "NAME": "Hebbville ES",
        "OBJECTID": "59",
        "NUMBER_": "0209",
        "TYPE": "ES",
        "AIRCOND": " ",
        "TITLEI": "Y",
        "OPENED": "1961",
        "X": "-76.75230123",
        "Y": "39.34485314",
        "Central": " "
      },
      "geometry": {
        "type": "Point",
        "coordinates": [
          -76.752301014085,
          39.34486182612
        ]
      }
    },
    {
      "type": "Feature",
      "properties": {
        "NAME": "Hereford High",
        "OBJECTID": "60",
        "NUMBER_": "0772",
        "TYPE": "HS",
        "AIRCOND": " ",
        "TITLEI": " ",
        "OPENED": "1953",
        "X": "-76.65606278",
        "Y": "39.59947053",
        "Central": " "
      },
      "geometry": {
        "type": "Point",
        "coordinates": [
          -76.65606338199,
          39.599479828694
        ]
      }
    },
    {
      "type": "Feature",
      "properties": {
        "NAME": "Hereford Middle",
        "OBJECTID": "61",
        "NUMBER_": "0855",
        "TYPE": "MS",
        "AIRCOND": " ",
        "TITLEI": " ",
        "OPENED": "1984",
        "X": "-76.65261761",
        "Y": "39.57305666",
        "Central": "yes"
      },
      "geometry": {
        "type": "Point",
        "coordinates": [
          -76.652618091347,
          39.573065932348
        ]
      }
    },
    {
      "type": "Feature",
      "properties": {
        "NAME": "Hillcrest ES",
        "OBJECTID": "62",
        "NUMBER_": "0115",
        "TYPE": "ES",
        "AIRCOND": "F",
        "TITLEI": " ",
        "OPENED": "1968",
        "X": "-76.74672591",
        "Y": "39.26986952",
        "Central": " ",
        "SRC": "666"
      },
      "geometry": {
        "type": "Point",
        "coordinates": [
          -76.74672549451,
          39.269878169755
        ]
      }
    },
    {
      "type": "Feature",
      "properties": {
        "NAME": "Halstead Academy ES",
        "OBJECTID": "63",
        "NUMBER_": "0912",
        "TYPE": "ES",
        "AIRCOND": " ",
        "TITLEI": "Y",
        "OPENED": "1962",
        "X": "-76.57198543",
        "Y": "39.37628836",
        "Central": " "
      },
      "geometry": {
        "type": "Point",
        "coordinates": [
          -76.571985234189,
          39.376297566879
        ]
      }
    },
    {
      "type": "Feature",
      "properties": {
        "NAME": "Holabird Middle",
        "OBJECTID": "64",
        "NUMBER_": "1253",
        "TYPE": "MS",
        "AIRCOND": " ",
        "TITLEI": " ",
        "OPENED": "1961",
        "X": "-76.51645319",
        "Y": "39.27625788",
        "Central": " "
      },
      "geometry": {
        "type": "Point",
        "coordinates": [
          -76.516452767629,
          39.276266964456
        ]
      }
    },
    {
      "type": "Feature",
      "properties": {
        "NAME": "Johnnycake ES",
        "OBJECTID": "65",
        "NUMBER_": "0105",
        "TYPE": "ES",
        "AIRCOND": " ",
        "TITLEI": "Y",
        "OPENED": "1959",
        "X": "-76.73541432",
        "Y": "39.29319387",
        "Central": " ",
        "SRC": "559"
      },
      "geometry": {
        "type": "Point",
        "coordinates": [
          -76.735413965945,
          39.293202555397
        ]
      }
    },
    {
      "type": "Feature",
      "properties": {
        "NAME": "Southwest Academy Middle",
        "OBJECTID": "66",
        "NUMBER_": "0155",
        "TYPE": "MS",
        "AIRCOND": " ",
        "TITLEI": " ",
        "OPENED": "1960",
        "X": "-76.73561503",
        "Y": "39.2997768",
        "Central": " "
      },
      "geometry": {
        "type": "Point",
        "coordinates": [
          -76.735614689105,
          39.299785496685
        ]
      }
    },
    {
      "type": "Feature",
      "properties": {
        "NAME": "Joppa View ES",
        "OBJECTID": "67",
        "NUMBER_": "1109",
        "TYPE": "ES",
        "AIRCOND": " ",
        "TITLEI": " ",
        "OPENED": "1990",
        "X": "-76.45582117",
        "Y": "39.38636992",
        "Central": " "
      },
      "geometry": {
        "type": "Point",
        "coordinates": [
          -76.4558209919,
          39.386379383521
        ]
      }
    },
    {
      "type": "Feature",
      "properties": {
        "NAME": "Kenwood High",
        "OBJECTID": "68",
        "NUMBER_": "1572",
        "TYPE": "HS",
        "AIRCOND": " ",
        "TITLEI": " ",
        "OPENED": "1955",
        "X": "-76.46349471",
        "Y": "39.32435012",
        "Central": " "
      },
      "geometry": {
        "type": "Point",
        "coordinates": [
          -76.463494382192,
          39.324359423547
        ]
      }
    },
    {
      "type": "Feature",
      "properties": {
        "NAME": "Kingsville ES",
        "OBJECTID": "69",
        "NUMBER_": "1104",
        "TYPE": "ES",
        "AIRCOND": " ",
        "TITLEI": " ",
        "OPENED": "1954",
        "X": "-76.41748136",
        "Y": "39.45722168",
        "Central": " "
      },
      "geometry": {
        "type": "Point",
        "coordinates": [
          -76.417481370783,
          39.457231301767
        ]
      }
    },
    {
      "type": "Feature",
      "properties": {
        "NAME": "Lansdowne ES",
        "OBJECTID": "70",
        "NUMBER_": "1311",
        "TYPE": "ES",
        "AIRCOND": " ",
        "TITLEI": "Y",
        "OPENED": "1965",
        "X": "-76.65691061",
        "Y": "39.24982203",
        "Central": " ",
        "SRC": "313"
      },
      "geometry": {
        "type": "Point",
        "coordinates": [
          -76.656910144756,
          39.2498308097
        ]
      }
    },
    {
      "type": "Feature",
      "properties": {
        "NAME": "Lansdowne High",
        "OBJECTID": "71",
        "NUMBER_": "1371",
        "TYPE": "HS",
        "AIRCOND": " ",
        "TITLEI": " ",
        "OPENED": "1963",
        "X": "-76.65233581",
        "Y": "39.24637211",
        "Central": " "
      },
      "geometry": {
        "type": "Point",
        "coordinates": [
          -76.652335329543,
          39.246380896294
        ]
      }
    },
    {
      "type": "Feature",
      "properties": {
        "NAME": "Lansdowne Middle",
        "OBJECTID": "72",
        "NUMBER_": "1351",
        "TYPE": "MS",
        "AIRCOND": "F",
        "TITLEI": "Y",
        "OPENED": "1971",
        "X": "-76.65126878",
        "Y": "39.24943643",
        "Central": " "
      },
      "geometry": {
        "type": "Point",
        "coordinates": [
          -76.651268307055,
          39.249445222131
        ]
      }
    },
    {
      "type": "Feature",
      "properties": {
        "NAME": "Loch Raven High",
        "OBJECTID": "73",
        "NUMBER_": "0973",
        "TYPE": "HS",
        "AIRCOND": "F",
        "TITLEI": " ",
        "OPENED": "1972",
        "X": "-76.56191993",
        "Y": "39.40597412",
        "Central": "yes"
      },
      "geometry": {
        "type": "Point",
        "coordinates": [
          -76.561919806365,
          39.405983432127
        ]
      }
    },
    {
      "type": "Feature",
      "properties": {
        "NAME": "Loch Raven Academy Middle",
        "OBJECTID": "74",
        "NUMBER_": "0954",
        "TYPE": "MS",
        "AIRCOND": " ",
        "TITLEI": " ",
        "OPENED": "1961",
        "X": "-76.57860907",
        "Y": "39.38912993",
        "Central": " "
      },
      "geometry": {
        "type": "Point",
        "coordinates": [
          -76.578608907139,
          39.389139150011
        ]
      }
    },
    {
      "type": "Feature",
      "properties": {
        "NAME": "Logan ES",
        "OBJECTID": "75",
        "NUMBER_": "1217",
        "TYPE": "ES",
        "AIRCOND": "F",
        "TITLEI": "Y",
        "OPENED": "1968",
        "X": "-76.50948056",
        "Y": "39.2569667",
        "Central": " "
      },
      "geometry": {
        "type": "Point",
        "coordinates": [
          -76.509480099191,
          39.256975744594
        ]
      }
    },
    {
      "type": "Feature",
      "properties": {
        "NAME": "Lutherville ES",
        "OBJECTID": "76",
        "NUMBER_": "0803",
        "TYPE": "ES",
        "AIRCOND": " ",
        "TITLEI": " ",
        "OPENED": "1951",
        "X": "-76.62117664",
        "Y": "39.42684928",
        "Central": "yes"
      },
      "geometry": {
        "type": "Point",
        "coordinates": [
          -76.621176580296,
          39.426858442803
        ]
      }
    },
    {
      "type": "Feature",
      "properties": {
        "NAME": "Maiden Choice Center",
        "OBJECTID": "77",
        "NUMBER_": "0111",
        "TYPE": "SP",
        "AIRCOND": " ",
        "TITLEI": "Y",
        "OPENED": "1962",
        "X": "-76.69482456",
        "Y": "39.25784256",
        "Central": " "
      },
      "geometry": {
        "type": "Point",
        "coordinates": [
          -76.694824116244,
          39.257851285271
        ]
      }
    },
    {
      "type": "Feature",
      "properties": {
        "NAME": "Mars Estates ES",
        "OBJECTID": "78",
        "NUMBER_": "1512",
        "TYPE": "ES",
        "AIRCOND": "P",
        "TITLEI": "Y",
        "OPENED": "1950",
        "X": "-76.45063338",
        "Y": "39.31304161",
        "Central": " "
      },
      "geometry": {
        "type": "Point",
        "coordinates": [
          -76.450633023505,
          39.313050895576
        ]
      }
    },
    {
      "type": "Feature",
      "properties": {
        "NAME": "Martin Boulevard ES",
        "OBJECTID": "79",
        "NUMBER_": "1506",
        "TYPE": "ES",
        "AIRCOND": "F",
        "TITLEI": "Y",
        "OPENED": "1999",
        "X": "-76.442464",
        "Y": "39.33434951",
        "Central": " "
      },
      "geometry": {
        "type": "Point",
        "coordinates": [
          -76.442463694006,
          39.334358855345
        ]
      }
    },
    {
      "type": "Feature",
      "properties": {
        "NAME": "McCormick ES",
        "OBJECTID": "80",
        "NUMBER_": "1403",
        "TYPE": "ES",
        "AIRCOND": "F",
        "TITLEI": "Y",
        "OPENED": "1971",
        "X": "-76.52066676",
        "Y": "39.34017694",
        "Central": " "
      },
      "geometry": {
        "type": "Point",
        "coordinates": [
          -76.520666474471,
          39.340186190324
        ]
      }
    },
    {
      "type": "Feature",
      "properties": {
        "NAME": "Middle River Middle",
        "OBJECTID": "81",
        "NUMBER_": "1556",
        "TYPE": "MS",
        "AIRCOND": " ",
        "TITLEI": " ",
        "OPENED": "1959",
        "X": "-76.4520979",
        "Y": "39.34484463",
        "Central": " "
      },
      "geometry": {
        "type": "Point",
        "coordinates": [
          -76.452097619676,
          39.344853989133
        ]
      }
    },
    {
      "type": "Feature",
      "properties": {
        "NAME": "Middleborough ES",
        "OBJECTID": "82",
        "NUMBER_": "1520",
        "TYPE": "ES",
        "AIRCOND": " ",
        "TITLEI": " ",
        "OPENED": "1960",
        "X": "-76.4339307",
        "Y": "39.3050795",
        "Central": " "
      },
      "geometry": {
        "type": "Point",
        "coordinates": [
          -76.433930317746,
          39.305088790247
        ]
      }
    },
    {
      "type": "Feature",
      "properties": {
        "NAME": "Middlesex ES",
        "OBJECTID": "83",
        "NUMBER_": "1514",
        "TYPE": "ES",
        "AIRCOND": " ",
        "TITLEI": "Y",
        "OPENED": "1956",
        "X": "-76.45380883",
        "Y": "39.32438415",
        "Central": " "
      },
      "geometry": {
        "type": "Point",
        "coordinates": [
          -76.453808504254,
          39.324393462341
        ]
      }
    },
    {
      "type": "Feature",
      "properties": {
        "NAME": "Milbrook ES",
        "OBJECTID": "84",
        "NUMBER_": "9307",
        "TYPE": "ES",
        "AIRCOND": "F",
        "TITLEI": "Y",
        "OPENED": "1967",
        "X": "-76.7140255",
        "Y": "39.36037717",
        "Central": " "
      },
      "geometry": {
        "type": "Point",
        "coordinates": [
          -76.714025309897,
          39.360385969864
        ]
      }
    },
    {
      "type": "Feature",
      "properties": {
        "NAME": "Milford Mill Academy",
        "OBJECTID": "85",
        "NUMBER_": "0271",
        "TYPE": "HS",
        "AIRCOND": " ",
        "TITLEI": " ",
        "OPENED": "1949",
        "X": "-76.75051209",
        "Y": "39.35521217",
        "Central": " "
      },
      "geometry": {
        "type": "Point",
        "coordinates": [
          -76.750511896127,
          39.355220864722
        ]
      }
    },
    {
      "type": "Feature",
      "properties": {
        "NAME": "Norwood ES",
        "OBJECTID": "86",
        "NUMBER_": "1207",
        "TYPE": "ES",
        "AIRCOND": " ",
        "TITLEI": "Y",
        "OPENED": "1957",
        "X": "-76.51874902",
        "Y": "39.27675729",
        "Central": " "
      },
      "geometry": {
        "type": "Point",
        "coordinates": [
          -76.518748599187,
          39.276766377899
        ]
      }
    },
    {
      "type": "Feature",
      "properties": {
        "NAME": "Oakleigh ES",
        "OBJECTID": "87",
        "NUMBER_": "0910",
        "TYPE": "ES",
        "AIRCOND": " ",
        "TITLEI": " ",
        "OPENED": "1955",
        "X": "-76.55168731",
        "Y": "39.39430048",
        "Central": " "
      },
      "geometry": {
        "type": "Point",
        "coordinates": [
          -76.551687152659,
          39.39430979177
        ]
      }
    },
    {
      "type": "Feature",
      "properties": {
        "NAME": "Old Court Middle",
        "OBJECTID": "88",
        "NUMBER_": "0252",
        "TYPE": "MS",
        "AIRCOND": "F",
        "TITLEI": " ",
        "OPENED": "1966",
        "X": "-76.75616572",
        "Y": "39.36408462",
        "Central": " "
      },
      "geometry": {
        "type": "Point",
        "coordinates": [
          -76.756165552064,
          39.364093311826
        ]
      }
    },
    {
      "type": "Feature",
      "properties": {
        "NAME": "Oliver Beach ES",
        "OBJECTID": "89",
        "NUMBER_": "1534",
        "TYPE": "ES",
        "AIRCOND": "F",
        "TITLEI": " ",
        "OPENED": "1981",
        "X": "-76.35446259",
        "Y": "39.36958193",
        "Central": " "
      },
      "geometry": {
        "type": "Point",
        "coordinates": [
          -76.354462388662,
          39.3695914231
        ]
      }
    },
    {
      "type": "Feature",
      "properties": {
        "NAME": "Orems ES",
        "OBJECTID": "90",
        "NUMBER_": "1519",
        "TYPE": "ES",
        "AIRCOND": " ",
        "TITLEI": " ",
        "OPENED": "1960",
        "X": "-76.46572175",
        "Y": "39.33109642",
        "Central": " "
      },
      "geometry": {
        "type": "Point",
        "coordinates": [
          -76.465721444122,
          39.331105737728
        ]
      }
    },
    {
      "type": "Feature",
      "properties": {
        "NAME": "Overlea High",
        "OBJECTID": "91",
        "NUMBER_": "1473",
        "TYPE": "HS",
        "AIRCOND": " ",
        "TITLEI": " ",
        "OPENED": "1961",
        "X": "-76.51191454",
        "Y": "39.34925545",
        "Central": " "
      },
      "geometry": {
        "type": "Point",
        "coordinates": [
          -76.511914272201,
          39.349264755632
        ]
      }
    },
    {
      "type": "Feature",
      "properties": {
        "NAME": "Owings Mills ES",
        "OBJECTID": "92",
        "NUMBER_": "0402",
        "TYPE": "ES",
        "AIRCOND": "P",
        "TITLEI": "Y",
        "OPENED": "1926",
        "X": "-76.79030084",
        "Y": "39.42671654",
        "Central": " "
      },
      "geometry": {
        "type": "Point",
        "coordinates": [
          -76.790300849243,
          39.426725184375
        ]
      }
    },
    {
      "type": "Feature",
      "properties": {
        "NAME": "Owings Mills High",
        "OBJECTID": "93",
        "NUMBER_": "0452",
        "TYPE": "HS",
        "AIRCOND": "F",
        "TITLEI": " ",
        "OPENED": "1978",
        "X": "-76.79357717",
        "Y": "39.42375532",
        "Central": " "
      },
      "geometry": {
        "type": "Point",
        "coordinates": [
          -76.793577170374,
          39.423763956006
        ]
      }
    },
    {
      "type": "Feature",
      "properties": {
        "NAME": "Padonia ES",
        "OBJECTID": "94",
        "NUMBER_": "0810",
        "TYPE": "ES",
        "AIRCOND": "F",
        "TITLEI": " ",
        "OPENED": "1968",
        "X": "-76.63164485",
        "Y": "39.46097113",
        "Central": "yes"
      },
      "geometry": {
        "type": "Point",
        "coordinates": [
          -76.631644875575,
          39.460980315691
        ]
      }
    },
    {
      "type": "Feature",
      "properties": {
        "NAME": "Parkville High",
        "OBJECTID": "95",
        "NUMBER_": "0972",
        "TYPE": "HS",
        "AIRCOND": "P",
        "TITLEI": " ",
        "OPENED": "1958",
        "X": "-76.53844639",
        "Y": "39.38793449",
        "Central": " "
      },
      "geometry": {
        "type": "Point",
        "coordinates": [
          -76.538446217137,
          39.387943818448
        ]
      }
    },
    {
      "type": "Feature",
      "properties": {
        "NAME": "Parkville Middle",
        "OBJECTID": "96",
        "NUMBER_": "1452",
        "TYPE": "MS",
        "AIRCOND": " ",
        "TITLEI": " ",
        "OPENED": "1953",
        "X": "-76.52621682",
        "Y": "39.37717333",
        "Central": " "
      },
      "geometry": {
        "type": "Point",
        "coordinates": [
          -76.526216615741,
          39.377182667361
        ]
      }
    },
    {
      "type": "Feature",
      "properties": {
        "NAME": "Patapsco High",
        "OBJECTID": "97",
        "NUMBER_": "1272",
        "TYPE": "HS",
        "AIRCOND": "P",
        "TITLEI": " ",
        "OPENED": "1963",
        "X": "-76.48778802",
        "Y": "39.26604849",
        "Central": " "
      },
      "geometry": {
        "type": "Point",
        "coordinates": [
          -76.487787567337,
          39.266057601316
        ]
      }
    },
    {
      "type": "Feature",
      "properties": {
        "NAME": "Perry Hall ES",
        "OBJECTID": "98",
        "NUMBER_": "1105",
        "TYPE": "ES",
        "AIRCOND": " ",
        "TITLEI": " ",
        "OPENED": "1956",
        "X": "-76.47742391",
        "Y": "39.39900691",
        "Central": " "
      },
      "geometry": {
        "type": "Point",
        "coordinates": [
          -76.477423754209,
          39.399016396144
        ]
      }
    },
    {
      "type": "Feature",
      "properties": {
        "NAME": "Perry Hall High",
        "OBJECTID": "99",
        "NUMBER_": "1171",
        "TYPE": "HS",
        "AIRCOND": "F",
        "TITLEI": " ",
        "OPENED": "1967",
        "X": "-76.46517277",
        "Y": "39.39168644",
        "Central": " "
      },
      "geometry": {
        "type": "Point",
        "coordinates": [
          -76.465172601332,
          39.391695911551
        ]
      }
    },
    {
      "type": "Feature",
      "properties": {
        "NAME": "Perry Hall Middle",
        "OBJECTID": "100",
        "NUMBER_": "1151",
        "TYPE": "MS",
        "AIRCOND": "P",
        "TITLEI": " ",
        "OPENED": "1963",
        "X": "-76.47422441",
        "Y": "39.39852994",
        "Central": " "
      },
      "geometry": {
        "type": "Point",
        "coordinates": [
          -76.474224255205,
          39.398539426705
        ]
      }
    },
    {
      "type": "Feature",
      "properties": {
        "NAME": "Pikesville High",
        "OBJECTID": "101",
        "NUMBER_": "0371",
        "TYPE": "HS",
        "AIRCOND": " ",
        "TITLEI": " ",
        "OPENED": "1964",
        "X": "-76.69840133",
        "Y": "39.37754297",
        "Central": " "
      },
      "geometry": {
        "type": "Point",
        "coordinates": [
          -76.698401176265,
          39.377551828048
        ]
      }
    },
    {
      "type": "Feature",
      "properties": {
        "NAME": "Pikesville Middle",
        "OBJECTID": "102",
        "NUMBER_": "0352",
        "TYPE": "MS",
        "AIRCOND": "F",
        "TITLEI": " ",
        "OPENED": "1968",
        "X": "-76.7055248",
        "Y": "39.37792761",
        "Central": " "
      },
      "geometry": {
        "type": "Point",
        "coordinates": [
          -76.705524647584,
          39.377936449885
        ]
      }
    },
    {
      "type": "Feature",
      "properties": {
        "NAME": "Pine Grove ES",
        "OBJECTID": "103",
        "NUMBER_": "0921",
        "TYPE": "ES",
        "AIRCOND": "F",
        "TITLEI": " ",
        "OPENED": "1969",
        "X": "-76.52926856",
        "Y": "39.41049304",
        "Central": " "
      },
      "geometry": {
        "type": "Point",
        "coordinates": [
          -76.529268429916,
          39.410502457684
        ]
      }
    },
    {
      "type": "Feature",
      "properties": {
        "NAME": "Pine Grove Middle",
        "OBJECTID": "104",
        "NUMBER_": "0957",
        "TYPE": "MS",
        "AIRCOND": "F",
        "TITLEI": " ",
        "OPENED": "1974",
        "X": "-76.52960196",
        "Y": "39.4062992",
        "Central": " "
      },
      "geometry": {
        "type": "Point",
        "coordinates": [
          -76.529601820769,
          39.406308610424
        ]
      }
    },
    {
      "type": "Feature",
      "properties": {
        "NAME": "Pinewood ES",
        "OBJECTID": "105",
        "NUMBER_": "0811",
        "TYPE": "ES",
        "AIRCOND": "F",
        "TITLEI": " ",
        "OPENED": "1966",
        "X": "-76.63737064",
        "Y": "39.44392981",
        "Central": "yes"
      },
      "geometry": {
        "type": "Point",
        "coordinates": [
          -76.637370624907,
          39.44393895422
        ]
      }
    },
    {
      "type": "Feature",
      "properties": {
        "NAME": "Pleasant Plains ES",
        "OBJECTID": "106",
        "NUMBER_": "0909",
        "TYPE": "ES",
        "AIRCOND": " ",
        "TITLEI": " ",
        "OPENED": "1958",
        "X": "-76.57247496",
        "Y": "39.39219514",
        "Central": " "
      },
      "geometry": {
        "type": "Point",
        "coordinates": [
          -76.572474799849,
          39.392204380841
        ]
      }
    },
    {
      "type": "Feature",
      "properties": {
        "NAME": "Pot Spring ES",
        "OBJECTID": "107",
        "NUMBER_": "0808",
        "TYPE": "ES",
        "AIRCOND": "P",
        "TITLEI": " ",
        "OPENED": "1963",
        "X": "-76.61433728",
        "Y": "39.45498009",
        "Central": "yes"
      },
      "geometry": {
        "type": "Point",
        "coordinates": [
          -76.614337281134,
          39.454989326885
        ]
      }
    },
    {
      "type": "Feature",
      "properties": {
        "NAME": "Powhatan ES",
        "OBJECTID": "108",
        "NUMBER_": "0210",
        "TYPE": "ES",
        "AIRCOND": "F",
        "TITLEI": "Y",
        "OPENED": "1966",
        "X": "-76.72060897",
        "Y": "39.33481321",
        "Central": " "
      },
      "geometry": {
        "type": "Point",
        "coordinates": [
          -76.720608721254,
          39.334821962821
        ]
      }
    },
    {
      "type": "Feature",
      "properties": {
        "NAME": "Prettyboy ES",
        "OBJECTID": "109",
        "NUMBER_": "0601",
        "TYPE": "ES",
        "AIRCOND": "P",
        "TITLEI": " ",
        "OPENED": "1941",
        "X": "-76.71286612",
        "Y": "39.6661818",
        "Central": " "
      },
      "geometry": {
        "type": "Point",
        "coordinates": [
          -76.71286696827,
          39.666191075308
        ]
      }
    },
    {
      "type": "Feature",
      "properties": {
        "NAME": "Randallstown ES",
        "OBJECTID": "110",
        "NUMBER_": "0202",
        "TYPE": "ES",
        "AIRCOND": " ",
        "TITLEI": " ",
        "OPENED": "1908",
        "X": "-76.79730001",
        "Y": "39.36650479",
        "Central": " "
      },
      "geometry": {
        "type": "Point",
        "coordinates": [
          -76.79729986976,
          39.366513386507
        ]
      }
    },
    {
      "type": "Feature",
      "properties": {
        "NAME": "Randallstown High",
        "OBJECTID": "111",
        "NUMBER_": "0272",
        "TYPE": "HS",
        "AIRCOND": "F",
        "TITLEI": " ",
        "OPENED": "1969",
        "X": "-76.79917125",
        "Y": "39.38245824",
        "Central": " "
      },
      "geometry": {
        "type": "Point",
        "coordinates": [
          -76.79917114943,
          39.382466842978
        ]
      }
    },
    {
      "type": "Feature",
      "properties": {
        "NAME": "Red House Run ES",
        "OBJECTID": "112",
        "NUMBER_": "1406",
        "TYPE": "ES",
        "AIRCOND": "F",
        "TITLEI": " ",
        "OPENED": "1966",
        "X": "-76.51082843",
        "Y": "39.33393327",
        "Central": " "
      },
      "geometry": {
        "type": "Point",
        "coordinates": [
          -76.510828134462,
          39.33394252812
        ]
      }
    },
    {
      "type": "Feature",
      "properties": {
        "NAME": "Reisterstown ES",
        "OBJECTID": "113",
        "NUMBER_": "0406",
        "TYPE": "ES",
        "AIRCOND": " ",
        "TITLEI": " ",
        "OPENED": "1963",
        "X": "-76.81629969",
        "Y": "39.45532687",
        "Central": " "
      },
      "geometry": {
        "type": "Point",
        "coordinates": [
          -76.816299783296,
          39.455335457248
        ]
      }
    },
    {
      "type": "Feature",
      "properties": {
        "NAME": "Relay ES",
        "OBJECTID": "114",
        "NUMBER_": "1310",
        "TYPE": "ES",
        "AIRCOND": "F",
        "TITLEI": " ",
        "OPENED": "1965",
        "X": "-76.700347",
        "Y": "39.23222275",
        "Central": " ",
        "SRC": "415"
      },
      "geometry": {
        "type": "Point",
        "coordinates": [
          -76.700346495979,
          39.232231441969
        ]
      }
    },
    {
      "type": "Feature",
      "properties": {
        "NAME": "Riderwood ES",
        "OBJECTID": "115",
        "NUMBER_": "0809",
        "TYPE": "ES",
        "AIRCOND": "F",
        "TITLEI": " ",
        "OPENED": "1965",
        "X": "-76.64989316",
        "Y": "39.41370154",
        "Central": "yes"
      },
      "geometry": {
        "type": "Point",
        "coordinates": [
          -76.649893075289,
          39.413710593667
        ]
      }
    },
    {
      "type": "Feature",
      "properties": {
        "NAME": "Ridgely Middle",
        "OBJECTID": "116",
        "NUMBER_": "0852",
        "TYPE": "MS",
        "AIRCOND": " ",
        "TITLEI": " ",
        "OPENED": "1960",
        "X": "-76.61366836",
        "Y": "39.43116855",
        "Central": "yes"
      },
      "geometry": {
        "type": "Point",
        "coordinates": [
          -76.613668303946,
          39.431177748597
        ]
      }
    },
    {
      "type": "Feature",
      "properties": {
        "NAME": "Riverview ES",
        "OBJECTID": "117",
        "NUMBER_": "1308",
        "TYPE": "ES",
        "AIRCOND": " ",
        "TITLEI": "Y",
        "OPENED": "1957",
        "X": "-76.65610468",
        "Y": "39.23585659",
        "Central": " "
      },
      "geometry": {
        "type": "Point",
        "coordinates": [
          -76.656104177182,
          39.235865357828
        ]
      }
    },
    {
      "type": "Feature",
      "properties": {
        "NAME": "Rodgers Forge ES",
        "OBJECTID": "118",
        "NUMBER_": "0907",
        "TYPE": "ES",
        "AIRCOND": "F",
        "TITLEI": " ",
        "OPENED": "1951",
        "X": "-76.61464816",
        "Y": "39.38189064",
        "Central": " "
      },
      "geometry": {
        "type": "Point",
        "coordinates": [
          -76.614647997611,
          39.381899737391
        ]
      }
    },
    {
      "type": "Feature",
      "properties": {
        "NAME": "Catonsville Alternative High",
        "OBJECTID": "119",
        "NUMBER_": "0069",
        "TYPE": "AL",
        "AIRCOND": " ",
        "TITLEI": " ",
        "OPENED": "0",
        "X": "-76.72488232",
        "Y": "39.25375759",
        "Central": " "
      },
      "geometry": {
        "type": "Point",
        "coordinates": [
          -76.724881864229,
          39.253766269206
        ]
      }
    },
    {
      "type": "Feature",
      "properties": {
        "NAME": "Rosedale Alternative Mid\/High",
        "OBJECTID": "120",
        "NUMBER_": "0072",
        "TYPE": "AL",
        "AIRCOND": "F",
        "TITLEI": " ",
        "OPENED": "1948",
        "X": "-76.50443511",
        "Y": "39.32412973",
        "Central": " "
      },
      "geometry": {
        "type": "Point",
        "coordinates": [
          -76.504434790449,
          39.324138980903
        ]
      }
    },
    {
      "type": "Feature",
      "properties": {
        "NAME": "Ridge\/Ruxton",
        "OBJECTID": "121",
        "NUMBER_": "0922",
        "TYPE": "SP",
        "AIRCOND": "F",
        "TITLEI": " ",
        "OPENED": "1962",
        "X": "-76.63453116",
        "Y": "39.40516711",
        "Central": "yes"
      },
      "geometry": {
        "type": "Point",
        "coordinates": [
          -76.63453105209,
          39.405176191209
        ]
      }
    },
    {
      "type": "Feature",
      "properties": {
        "NAME": "Sandalwood ES",
        "OBJECTID": "122",
        "NUMBER_": "1527",
        "TYPE": "ES",
        "AIRCOND": "F",
        "TITLEI": "Y",
        "OPENED": "1971",
        "X": "-76.45785223",
        "Y": "39.29311618",
        "Central": " "
      },
      "geometry": {
        "type": "Point",
        "coordinates": [
          -76.457851833026,
          39.293125413745
        ]
      }
    },
    {
      "type": "Feature",
      "properties": {
        "NAME": "Sandy Plains ES",
        "OBJECTID": "123",
        "NUMBER_": "1216",
        "TYPE": "ES",
        "AIRCOND": "F",
        "TITLEI": "Y",
        "OPENED": "1966",
        "X": "-76.48635724",
        "Y": "39.26023093",
        "Central": " "
      },
      "geometry": {
        "type": "Point",
        "coordinates": [
          -76.486356775668,
          39.260240028267
        ]
      }
    },
    {
      "type": "Feature",
      "properties": {
        "NAME": "Scotts Branch ES",
        "OBJECTID": "124",
        "NUMBER_": "0206",
        "TYPE": "ES",
        "AIRCOND": " ",
        "TITLEI": "Y",
        "OPENED": "1960",
        "X": "-76.76271919",
        "Y": "39.3588079",
        "Central": " "
      },
      "geometry": {
        "type": "Point",
        "coordinates": [
          -76.762719012692,
          39.358816574187
        ]
      }
    },
    {
      "type": "Feature",
      "properties": {
        "NAME": "Seneca ES",
        "OBJECTID": "125",
        "NUMBER_": "1531",
        "TYPE": "ES",
        "AIRCOND": "F",
        "TITLEI": " ",
        "OPENED": "1966",
        "X": "-76.38988191",
        "Y": "39.32867312",
        "Central": " "
      },
      "geometry": {
        "type": "Point",
        "coordinates": [
          -76.389881584096,
          39.328682513146
        ]
      }
    },
    {
      "type": "Feature",
      "properties": {
        "NAME": "Seven Oaks ES",
        "OBJECTID": "126",
        "NUMBER_": "1110",
        "TYPE": "ES",
        "AIRCOND": " ",
        "TITLEI": " ",
        "OPENED": "1992",
        "X": "-76.48889555",
        "Y": "39.40591595",
        "Central": " "
      },
      "geometry": {
        "type": "Point",
        "coordinates": [
          -76.488895410169,
          39.405925448475
        ]
      }
    },
    {
      "type": "Feature",
      "properties": {
        "NAME": "Seventh District ES",
        "OBJECTID": "127",
        "NUMBER_": "0701",
        "TYPE": "ES",
        "AIRCOND": "F",
        "TITLEI": " ",
        "OPENED": "1969",
        "X": "-76.64662843",
        "Y": "39.68188317",
        "Central": " "
      },
      "geometry": {
        "type": "Point",
        "coordinates": [
          -76.646629442861,
          39.681892594678
        ]
      }
    },
    {
      "type": "Feature",
      "properties": {
        "NAME": "Shady Spring ES",
        "OBJECTID": "128",
        "NUMBER_": "1409",
        "TYPE": "ES",
        "AIRCOND": "F",
        "TITLEI": "Y",
        "OPENED": "1977",
        "X": "-76.50153055",
        "Y": "39.34384703",
        "Central": " "
      },
      "geometry": {
        "type": "Point",
        "coordinates": [
          -76.501530274827,
          39.343856341985
        ]
      }
    },
    {
      "type": "Feature",
      "properties": {
        "NAME": "Sollers Point\/Southeastern Tech",
        "OBJECTID": "129",
        "NUMBER_": "1274",
        "TYPE": "HS",
        "AIRCOND": "F",
        "TITLEI": " ",
        "OPENED": "1948",
        "X": "-76.507735",
        "Y": "39.24338673",
        "Central": " "
      },
      "geometry": {
        "type": "Point",
        "coordinates": [
          -76.507734507304,
          39.243395757081
        ]
      }
    },
    {
      "type": "Feature",
      "properties": {
        "NAME": "Sparrows Point Middle",
        "OBJECTID": "130",
        "NUMBER_": "1559",
        "TYPE": "MS",
        "AIRCOND": " ",
        "TITLEI": " ",
        "OPENED": "1956",
        "X": "-76.44104109",
        "Y": "39.23890419",
        "Central": " "
      },
      "geometry": {
        "type": "Point",
        "coordinates": [
          -76.441040555085,
          39.238913339801
        ]
      }
    },
    {
      "type": "Feature",
      "properties": {
        "NAME": "Stemmers Run Middle",
        "OBJECTID": "131",
        "NUMBER_": "1554",
        "TYPE": "MS",
        "AIRCOND": " ",
        "TITLEI": " ",
        "OPENED": "1949",
        "X": "-76.45728717",
        "Y": "39.32124103",
        "Central": " "
      },
      "geometry": {
        "type": "Point",
        "coordinates": [
          -76.457286839425,
          39.321250328932
        ]
      }
    },
    {
      "type": "Feature",
      "properties": {
        "NAME": "Stoneleigh ES",
        "OBJECTID": "132",
        "NUMBER_": "0905",
        "TYPE": "ES",
        "AIRCOND": " ",
        "TITLEI": " ",
        "OPENED": "1930",
        "X": "-76.59775149",
        "Y": "39.38200073",
        "Central": " "
      },
      "geometry": {
        "type": "Point",
        "coordinates": [
          -76.597751321328,
          39.382009874661
        ]
      }
    },
    {
      "type": "Feature",
      "properties": {
        "NAME": "Sudbrook Magnet Middle",
        "OBJECTID": "133",
        "NUMBER_": "0353",
        "TYPE": "MS",
        "AIRCOND": " ",
        "TITLEI": " ",
        "OPENED": "1956",
        "X": "-76.72756917",
        "Y": "39.35907964",
        "Central": " "
      },
      "geometry": {
        "type": "Point",
        "coordinates": [
          -76.72756898306,
          39.35908840467
        ]
      }
    },
    {
      "type": "Feature",
      "properties": {
        "NAME": "Summit Park ES",
        "OBJECTID": "134",
        "NUMBER_": "0310",
        "TYPE": "ES",
        "AIRCOND": "F",
        "TITLEI": " ",
        "OPENED": "1966",
        "X": "-76.68003698",
        "Y": "39.3811394",
        "Central": " "
      },
      "geometry": {
        "type": "Point",
        "coordinates": [
          -76.680036833368,
          39.381148314002
        ]
      }
    },
    {
      "type": "Feature",
      "properties": {
        "NAME": "Sussex ES",
        "OBJECTID": "135",
        "NUMBER_": "1513",
        "TYPE": "ES",
        "AIRCOND": " ",
        "TITLEI": "Y",
        "OPENED": "1955",
        "X": "-76.46921747",
        "Y": "39.30388864",
        "Central": " "
      },
      "geometry": {
        "type": "Point",
        "coordinates": [
          -76.469217098812,
          39.303897879321
        ]
      }
    },
    {
      "type": "Feature",
      "properties": {
        "NAME": "Timber Grove ES",
        "OBJECTID": "136",
        "NUMBER_": "0405",
        "TYPE": "ES",
        "AIRCOND": "F",
        "TITLEI": " ",
        "OPENED": "1968",
        "X": "-76.7931011",
        "Y": "39.44365978",
        "Central": " "
      },
      "geometry": {
        "type": "Point",
        "coordinates": [
          -76.793101151308,
          39.443668428208
        ]
      }
    },
    {
      "type": "Feature",
      "properties": {
        "NAME": "Timonium ES",
        "OBJECTID": "137",
        "NUMBER_": "0805",
        "TYPE": "ES",
        "AIRCOND": " ",
        "TITLEI": " ",
        "OPENED": "1959",
        "X": "-76.6114204",
        "Y": "39.43902613",
        "Central": "yes"
      },
      "geometry": {
        "type": "Point",
        "coordinates": [
          -76.611420365169,
          39.439035347852
        ]
      }
    },
    {
      "type": "Feature",
      "properties": {
        "NAME": "Towson High",
        "OBJECTID": "138",
        "NUMBER_": "0971",
        "TYPE": "HS",
        "AIRCOND": "F",
        "TITLEI": " ",
        "OPENED": "1949",
        "X": "-76.59909468",
        "Y": "39.39048722",
        "Central": "yes"
      },
      "geometry": {
        "type": "Point",
        "coordinates": [
          -76.599094533544,
          39.390496377735
        ]
      }
    },
    {
      "type": "Feature",
      "properties": {
        "NAME": "Victory Villa ES",
        "OBJECTID": "139",
        "NUMBER_": "1505",
        "TYPE": "ES",
        "AIRCOND": " ",
        "TITLEI": "Y",
        "OPENED": "1943",
        "X": "-76.45619641",
        "Y": "39.34193411",
        "Central": " "
      },
      "geometry": {
        "type": "Point",
        "coordinates": [
          -76.45619612477,
          39.341943461121
        ]
      }
    },
    {
      "type": "Feature",
      "properties": {
        "NAME": "Villa Cresta ES",
        "OBJECTID": "140",
        "NUMBER_": "0908",
        "TYPE": "ES",
        "AIRCOND": "F",
        "TITLEI": " ",
        "OPENED": "1952",
        "X": "-76.54806344",
        "Y": "39.38189276",
        "Central": " "
      },
      "geometry": {
        "type": "Point",
        "coordinates": [
          -76.548063256277,
          39.381902055092
        ]
      }
    },
    {
      "type": "Feature",
      "properties": {
        "NAME": "Warren ES",
        "OBJECTID": "141",
        "NUMBER_": "0813",
        "TYPE": "ES",
        "AIRCOND": " ",
        "TITLEI": " ",
        "OPENED": "1971",
        "X": "-76.60721855",
        "Y": "39.47444474",
        "Central": "yes"
      },
      "geometry": {
        "type": "Point",
        "coordinates": [
          -76.607218594242,
          39.47445404046
        ]
      }
    },
    {
      "type": "Feature",
      "properties": {
        "NAME": "Wellwood ES",
        "OBJECTID": "142",
        "NUMBER_": "0304",
        "TYPE": "ES",
        "AIRCOND": " ",
        "TITLEI": " ",
        "OPENED": "1956",
        "X": "-76.69556199",
        "Y": "39.37453848",
        "Central": " "
      },
      "geometry": {
        "type": "Point",
        "coordinates": [
          -76.695561829824,
          39.374547345888
        ]
      }
    },
    {
      "type": "Feature",
      "properties": {
        "NAME": "Western School",
        "OBJECTID": "143",
        "NUMBER_": "0175",
        "TYPE": "HS",
        "AIRCOND": "F",
        "TITLEI": " ",
        "OPENED": "1970",
        "X": "-76.71340409",
        "Y": "39.26927859",
        "Central": " "
      },
      "geometry": {
        "type": "Point",
        "coordinates": [
          -76.71340367033,
          39.269287296355
        ]
      }
    },
    {
      "type": "Feature",
      "properties": {
        "NAME": "Westowne ES",
        "OBJECTID": "144",
        "NUMBER_": "0103",
        "TYPE": "ES",
        "AIRCOND": " ",
        "TITLEI": " ",
        "OPENED": "1951",
        "X": "-76.72589409",
        "Y": "39.28639466",
        "Central": " ",
        "SRC": "480"
      },
      "geometry": {
        "type": "Point",
        "coordinates": [
          -76.725893720276,
          39.286403359709
        ]
      }
    },
    {
      "type": "Feature",
      "properties": {
        "NAME": "White Oak",
        "OBJECTID": "145",
        "NUMBER_": "0923",
        "TYPE": "SP",
        "AIRCOND": "F",
        "TITLEI": "Y",
        "OPENED": "1977",
        "X": "-76.55207026",
        "Y": "39.39114947",
        "Central": " "
      },
      "geometry": {
        "type": "Point",
        "coordinates": [
          -76.552070093685,
          39.391158774519
        ]
      }
    },
    {
      "type": "Feature",
      "properties": {
        "NAME": "Winand ES",
        "OBJECTID": "146",
        "NUMBER_": "0213",
        "TYPE": "ES",
        "AIRCOND": "F",
        "TITLEI": " ",
        "OPENED": "1966",
        "X": "-76.76310417",
        "Y": "39.37235322",
        "Central": " "
      },
      "geometry": {
        "type": "Point",
        "coordinates": [
          -76.763104029724,
          39.372361902527
        ]
      }
    },
    {
      "type": "Feature",
      "properties": {
        "NAME": "Winfield ES",
        "OBJECTID": "147",
        "NUMBER_": "0211",
        "TYPE": "ES",
        "AIRCOND": "F",
        "TITLEI": "Y",
        "OPENED": "1966",
        "X": "-76.77884285",
        "Y": "39.35427688",
        "Central": " "
      },
      "geometry": {
        "type": "Point",
        "coordinates": [
          -76.778842673402,
          39.354285506381
        ]
      }
    },
    {
      "type": "Feature",
      "properties": {
        "NAME": "Woodbridge ES",
        "OBJECTID": "148",
        "NUMBER_": "0116",
        "TYPE": "ES",
        "AIRCOND": "F",
        "TITLEI": " ",
        "OPENED": "1974",
        "X": "-76.75882258",
        "Y": "39.29510028",
        "Central": " ",
        "SRC": "432"
      },
      "geometry": {
        "type": "Point",
        "coordinates": [
          -76.758822235974,
          39.29510892206
        ]
      }
    },
    {
      "type": "Feature",
      "properties": {
        "NAME": "Woodlawn High",
        "OBJECTID": "149",
        "NUMBER_": "0172",
        "TYPE": "HS",
        "AIRCOND": " ",
        "TITLEI": " ",
        "OPENED": "1961",
        "X": "-76.73316263",
        "Y": "39.31565259",
        "Central": " "
      },
      "geometry": {
        "type": "Point",
        "coordinates": [
          -76.733162331498,
          39.31566130412
        ]
      }
    },
    {
      "type": "Feature",
      "properties": {
        "NAME": "Woodlawn Middle",
        "OBJECTID": "150",
        "NUMBER_": "0253",
        "TYPE": "MS",
        "AIRCOND": " ",
        "TITLEI": "Y",
        "OPENED": "1962",
        "X": "-76.73630476",
        "Y": "39.33383911",
        "Central": " "
      },
      "geometry": {
        "type": "Point",
        "coordinates": [
          -76.736304509903,
          39.333847831679
        ]
      }
    },
    {
      "type": "Feature",
      "properties": {
        "NAME": "Woodmoor ES",
        "OBJECTID": "151",
        "NUMBER_": "0205",
        "TYPE": "ES",
        "AIRCOND": " ",
        "TITLEI": "Y",
        "OPENED": "1956",
        "X": "-76.74135851",
        "Y": "39.33790231",
        "Central": " "
      },
      "geometry": {
        "type": "Point",
        "coordinates": [
          -76.741358271791,
          39.337911018437
        ]
      }
    },
    {
      "type": "Feature",
      "properties": {
        "NAME": "New Town ES",
        "OBJECTID": "152",
        "NUMBER_": "0217",
        "TYPE": "ES",
        "AIRCOND": "F",
        "TITLEI": " ",
        "OPENED": "2001",
        "X": "-76.81571284",
        "Y": "39.40482639",
        "Central": " "
      },
      "geometry": {
        "type": "Point",
        "coordinates": [
          -76.815712806123,
          39.404834958416
        ]
      }
    },
    {
      "type": "Feature",
      "properties": {
        "NAME": "Dogwood ES",
        "OBJECTID": "153",
        "NUMBER_": "0112",
        "TYPE": "ES",
        "AIRCOND": "F",
        "TITLEI": "Y",
        "OPENED": "2001",
        "X": "-76.76311159",
        "Y": "39.31974607",
        "Central": " "
      },
      "geometry": {
        "type": "Point",
        "coordinates": [
          -76.763111314163,
          39.319754717713
        ]
      }
    },
    {
      "type": "Feature",
      "properties": {
        "NAME": "Jacksonville ES",
        "OBJECTID": "154",
        "NUMBER_": "1002",
        "TYPE": "ES",
        "AIRCOND": "F",
        "TITLEI": " ",
        "OPENED": "1994",
        "X": "-76.55954386",
        "Y": "39.5125557",
        "Central": " "
      },
      "geometry": {
        "type": "Point",
        "coordinates": [
          -76.559544009475,
          39.512565241589
        ]
      }
    },
    {
      "type": "Feature",
      "properties": {
        "NAME": "Westchester ES",
        "OBJECTID": "155",
        "NUMBER_": "0102",
        "TYPE": "ES",
        "AIRCOND": "F",
        "TITLEI": " ",
        "OPENED": "1998",
        "X": "-76.76995948",
        "Y": "39.2730759",
        "Central": " ",
        "SRC": "599"
      },
      "geometry": {
        "type": "Point",
        "coordinates": [
          -76.769959089827,
          39.273084506216
        ]
      }
    },
    {
      "type": "Feature",
      "properties": {
        "NAME": "Sparks ES",
        "OBJECTID": "156",
        "NUMBER_": "0801",
        "TYPE": "ES",
        "AIRCOND": "F",
        "TITLEI": " ",
        "OPENED": "1998",
        "X": "-76.66287696",
        "Y": "39.54552912",
        "Central": "yes"
      },
      "geometry": {
        "type": "Point",
        "coordinates": [
          -76.662877308236,
          39.545538320845
        ]
      }
    },
    {
      "type": "Feature",
      "properties": {
        "NAME": "Sparrows Point High",
        "OBJECTID": "157",
        "NUMBER_": "1573",
        "TYPE": "HS",
        "AIRCOND": "P",
        "TITLEI": " ",
        "OPENED": "1956",
        "X": "-76.44158677",
        "Y": "39.2383457",
        "Central": " "
      },
      "geometry": {
        "type": "Point",
        "coordinates": [
          -76.441586229517,
          39.238354848579
        ]
      }
    },
    {
      "type": "Feature",
      "properties": {
        "NAME": "New Town HS",
        "OBJECTID": "158",
        "NUMBER_": "0473",
        "TYPE": "HS",
        "AIRCOND": "F",
        "TITLEI": " ",
        "OPENED": "2003",
        "X": "-76.81281685",
        "Y": "39.40295326",
        "Central": " "
      },
      "geometry": {
        "type": "Point",
        "coordinates": [
          -76.812816808327,
          39.402961835076
        ]
      }
    },
    {
      "type": "Feature",
      "properties": {
        "NAME": "Hernwood ES",
        "OBJECTID": "159",
        "NUMBER_": "0214",
        "TYPE": "ES",
        "AIRCOND": "F",
        "TITLEI": " ",
        "OPENED": "1967",
        "X": "-76.83173768",
        "Y": "39.37398262",
        "Central": " "
      },
      "geometry": {
        "type": "Point",
        "coordinates": [
          -76.831737574897,
          39.373991134558
        ]
      }
    },
    {
      "type": "Feature",
      "properties": {
        "NAME": "Battle Monument",
        "OBJECTID": "160",
        "NUMBER_": "1215",
        "TYPE": "SP",
        "AIRCOND": "F",
        "TITLEI": "Y",
        "OPENED": "1962",
        "X": "-76.48387341",
        "Y": "39.27336323",
        "Central": " "
      },
      "geometry": {
        "type": "Point",
        "coordinates": [
          -76.483872972535,
          39.273372369044
        ]
      }
    },
    {
      "type": "Feature",
      "properties": {
        "NAME": "Meadowood Ed Center",
        "OBJECTID": "161",
        "NUMBER_": "0070",
        "TYPE": "AL",
        "AIRCOND": "F",
        "TITLEI": " ",
        "OPENED": "0",
        "X": "-76.72854",
        "Y": "39.3151875",
        "Central": " "
      },
      "geometry": {
        "type": "Point",
        "coordinates": [
          -76.728539694471,
          39.315196215488
        ]
      }
    },
    {
      "type": "Feature",
      "properties": {
        "NAME": "Woodholme ES",
        "OBJECTID": "162",
        "NUMBER_": "0311",
        "TYPE": "ES",
        "AIRCOND": " ",
        "TITLEI": " ",
        "OPENED": "2005",
        "X": "-76.75011679",
        "Y": "39.38965994",
        "Central": " "
      },
      "geometry": {
        "type": "Point",
        "coordinates": [
          -76.750116679623,
          39.389668658775
        ]
      }
    },
    {
      "type": "Feature",
      "properties": {
        "NAME": "Windsor Mill MS",
        "OBJECTID": "163",
        "NUMBER_": "0256",
        "TYPE": "MS",
        "AIRCOND": " ",
        "TITLEI": " ",
        "OPENED": "2006",
        "X": "-76.78614865",
        "Y": "39.35301549",
        "Central": " "
      },
      "geometry": {
        "type": "Point",
        "coordinates": [
          -76.786148471284,
          39.353024101233
        ]
      }
    },
    {
      "type": "Feature",
      "properties": {
        "NAME": "Vincent Farm ES",
        "OBJECTID": "164",
        "NUMBER_": "1533",
        "TYPE": "ES",
        "AIRCOND": " ",
        "TITLEI": " ",
        "OPENED": "0",
        "X": "-76.4143118",
        "Y": "39.37050954",
        "Central": " "
      },
      "geometry": {
        "type": "Point",
        "coordinates": [
          -76.414311588048,
          39.370518987526
        ]
      }
    },
    {
      "type": "Feature",
      "properties": {
        "NAME": "West Towson ES",
        "OBJECTID": "165",
        "NUMBER_": "0925",
        "TYPE": "ES",
        "AIRCOND": " ",
        "TITLEI": " ",
        "OPENED": "2010",
        "X": "-76.63459584",
        "Y": "39.4036953",
        "Central": "yes"
      },
      "geometry": {
        "type": "Point",
        "coordinates": [
          -76.634595734384,
          39.403704383153
        ]
      }
    },
    {
      "type": "Feature",
      "properties": {
        "NAME": "Mays Chapel ES",
        "OBJECTID": "166",
        "NUMBER_": " ",
        "TYPE": "ES",
        "AIRCOND": " ",
        "TITLEI": " ",
        "OPENED": "0",
        "X": "0",
        "Y": "0",
        "Central": "yes"
      },
      "geometry": {
        "type": "Point",
        "coordinates": [
          -76.668157512949,
          39.45811481137
        ]
      }
    },
    {
      "type": "Feature",
      "properties": {
        "NAME": "New NW Area ES",
        "OBJECTID": "167",
        "NUMBER_": " ",
        "TYPE": "ES",
        "AIRCOND": " ",
        "TITLEI": " ",
        "OPENED": "0",
        "X": "0",
        "Y": "0",
        "Central": " "
      },
      "geometry": {
        "type": "Point",
        "coordinates": [
          -76.802932192505,
          39.392538593558
        ]
      }
    },
    {
      "type": "Feature",
      "properties": {
        "NAME": "NewCatonsville ES",
        "OBJECTID": "168",
        "NUMBER_": " ",
        "TYPE": "ES",
        "AIRCOND": " ",
        "TITLEI": " ",
        "OPENED": "0",
        "X": "0",
        "Y": "0",
        "Central": " ",
        "SRC": "715"
      },
      "geometry": {
        "type": "Point",
        "coordinates": [
          -76.730867994737,
          39.268246549176
        ]
      }
    }
  ]
}
